{
  "best_k": 8,
  "sweep": [
    [
      4,
      0.28663938451324433
    ],
    [
      5,
      0.34056479814892704
    ],
    [
      6,
      0.3445936912719894
    ],
    [
      7,
      0.3394302733488738
    ],
    [
      8,
      0.37629254666683554
    ],
    [
      9,
      0.3159011823003602
    ],
    [
      10,
      0.3550334191515227
    ]
  ],
  "topics": {
    "0": [
      [
        "buy",
        0.030861927196383476
      ],
      [
        "tomorrow",
        0.0270551610738039
      ],
      [
        "calls",
        0.019969360902905464
      ],
      [
        "back",
        0.019579797983169556
      ],
      [
        "higher",
        0.017955392599105835
      ],
      [
        "all",
        0.016011841595172882
      ],
      [
        "gets",
        0.01284144539386034
      ],
      [
        "time",
        0.012760854326188564
      ],
      [
        "quot",
        0.012505610473453999
      ],
      [
        "day",
        0.011220994405448437
      ],
      [
        "low",
        0.010537849739193916
      ],
      [
        "puts",
        0.010071023367345333
      ],
      [
        "bulls",
        0.010004506446421146
      ],
      [
        "hit",
        0.009631583467125893
      ],
      [
        "big",
        0.009565876796841621
      ]
    ],
    "1": [
      [
        "spacex",
        0.05326874181628227
      ],
      [
        "merger",
        0.02621609903872013
      ],
      [
        "ipo",
        0.02084728516638279
      ],
      [
        "here",
        0.01832616701722145
      ],
      [
        "about",
        0.017906000837683678
      ],
      [
        "iran",
        0.017709998413920403
      ],
      [
        "deal",
        0.015411566942930222
      ],
      [
        "before",
        0.015248908661305904
      ],
      [
        "than",
        0.014215528033673763
      ],
      [
        "see",
        0.01231108233332634
      ],
      [
        "trump",
        0.00981482770293951
      ],
      [
        "space",
        0.009337772615253925
      ],
      [
        "buy",
        0.00862522330135107
      ],
      [
        "companies",
        0.007716372609138489
      ],
      [
        "better",
        0.007603758946061134
      ]
    ],
    "2": [
      [
        "today",
        0.029553202912211418
      ],
      [
        "calls",
        0.02389652095735073
      ],
      [
        "day",
        0.02287282422184944
      ],
      [
        "next",
        0.01629313826560974
      ],
      [
        "about",
        0.014980163425207138
      ],
      [
        "out",
        0.014011790044605732
      ],
      [
        "some",
        0.013210298493504524
      ],
      [
        "puts",
        0.013041320256888866
      ],
      [
        "all",
        0.012384161353111267
      ],
      [
        "going",
        0.012127620168030262
      ],
      [
        "price",
        0.011469189077615738
      ],
      [
        "now",
        0.011057763360440731
      ],
      [
        "good",
        0.01102245319634676
      ],
      [
        "morning",
        0.010250994004309177
      ],
      [
        "red",
        0.009543703868985176
      ]
    ],
    "3": [
      [
        "quot",
        0.018075760453939438
      ],
      [
        "short",
        0.01532899122685194
      ],
      [
        "over",
        0.014596362598240376
      ],
      [
        "don",
        0.014338071458041668
      ],
      [
        "buy",
        0.013600362464785576
      ],
      [
        "all",
        0.013472232036292553
      ],
      [
        "risk",
        0.01314450241625309
      ],
      [
        "volume",
        0.012618792243301868
      ],
      [
        "only",
        0.012078477069735527
      ],
      [
        "now",
        0.009610970504581928
      ],
      [
        "trade",
        0.009258749894797802
      ],
      [
        "close",
        0.00910025741904974
      ],
      [
        "week",
        0.008970120921730995
      ],
      [
        "call",
        0.00885887909680605
      ],
      [
        "news",
        0.008108725771307945
      ]
    ],
    "4": [
      [
        "going",
        0.027870461344718933
      ],
      [
        "now",
        0.027434853836894035
      ],
      [
        "right",
        0.02322004921734333
      ],
      [
        "all",
        0.022249145433306694
      ],
      [
        "run",
        0.020369097590446472
      ],
      [
        "let",
        0.02028615027666092
      ],
      [
        "time",
        0.012560471892356873
      ],
      [
        "back",
        0.012515541166067123
      ],
      [
        "here",
        0.011301287449896336
      ],
      [
        "high",
        0.010987170040607452
      ],
      [
        "tomorrow",
        0.01027002278715372
      ],
      [
        "years",
        0.010152914561331272
      ],
      [
        "today",
        0.009964353404939175
      ],
      [
        "days",
        0.009839438833296299
      ],
      [
        "flow",
        0.009055501781404018
      ]
    ],
    "5": [
      [
        "lol",
        0.029953768476843834
      ],
      [
        "time",
        0.02629680559039116
      ],
      [
        "moon",
        0.01615086756646633
      ],
      [
        "low",
        0.013430142775177956
      ],
      [
        "need",
        0.012927639298141003
      ],
      [
        "now",
        0.011969766579568386
      ],
      [
        "shorts",
        0.011769413948059082
      ],
      [
        "all",
        0.011609496548771858
      ],
      [
        "bears",
        0.011553363874554634
      ],
      [
        "high",
        0.011470895260572433
      ],
      [
        "today",
        0.011418965645134449
      ],
      [
        "calls",
        0.010712578892707825
      ],
      [
        "know",
        0.010607246309518814
      ],
      [
        "well",
        0.01053598616272211
      ],
      [
        "how",
        0.009807764552533627
      ]
    ],
    "6": [
      [
        "money",
        0.019999898970127106
      ],
      [
        "out",
        0.019268933683633804
      ],
      [
        "after",
        0.017297588288784027
      ],
      [
        "cap",
        0.014809366315603256
      ],
      [
        "million",
        0.013746645301580429
      ],
      [
        "going",
        0.012991425581276417
      ],
      [
        "these",
        0.011593087576329708
      ],
      [
        "news",
        0.011410340666770935
      ],
      [
        "back",
        0.010972688905894756
      ],
      [
        "amp",
        0.010625261813402176
      ],
      [
        "power",
        0.010617585852742195
      ],
      [
        "let",
        0.010330035351216793
      ],
      [
        "europe",
        0.010299119167029858
      ],
      [
        "make",
        0.009566381573677063
      ],
      [
        "portfolio",
        0.009358877316117287
      ]
    ],
    "7": [
      [
        "sell",
        0.03867250680923462
      ],
      [
        "lol",
        0.0367346853017807
      ],
      [
        "all",
        0.020671529695391655
      ],
      [
        "again",
        0.015768680721521378
      ],
      [
        "ath",
        0.015122429467737675
      ],
      [
        "night",
        0.015074972063302994
      ],
      [
        "off",
        0.013846630230545998
      ],
      [
        "now",
        0.01361164078116417
      ],
      [
        "soon",
        0.012757261283695698
      ],
      [
        "how",
        0.012081041000783443
      ],
      [
        "damn",
        0.01173053402453661
      ],
      [
        "gonna",
        0.011549672111868858
      ],
      [
        "looks",
        0.01149025745689869
      ],
      [
        "never",
        0.010904387570917606
      ],
      [
        "make",
        0.0105048269033432
      ]
    ]
  }
}